family,variant,pipeline,runs,offline_failure_rate,online_failure_rate,total_objective_mean,total_objective_std,total_objective_sem,total_objective_ci95,offline_obj_mean,offline_obj_std,offline_obj_ci95,online_cost_mean,online_cost_std,online_cost_ci95,offline_runtime_mean,offline_runtime_std,online_runtime_mean,online_runtime_std,offline_fallback_mean,offline_fallback_ci95,online_fallback_mean,online_fallback_ci95,final_fallback_mean,final_fallback_ci95
baseline_ab,baseline_A,BFD+BestFit,30,0.0,0.0,899.0652706120469,20.831868019948576,3.8033613431654385,7.45458823260426,179.62383673503834,8.856846990951137,3.169381991739585,719.4414338770085,19.34132098190302,6.921202825241019,0.0006087555394818385,2.4801398689514134e-05,0.0045257361838594076,0.0001902099017507768,0.0,0.0,0.0,0.0,0.0,0.0
baseline_ab,baseline_A,BFD+NextFit,30,0.0,1.0,401.3793110956438,57.46047801718339,10.490799991680355,20.561967983693496,179.62383673503834,8.856846990951137,3.169381991739585,221.75547436060546,57.8659509540637,20.707064610698474,0.0006169165717437863,3.691936278689686e-05,0.0008528181894992789,0.00022618025435286844,0.0,0.0,0.0,0.0,0.0,0.0
baseline_ab,baseline_A,CostAwareBFD+CostAwareBestFit,30,0.0,0.0,387.2699158825093,10.933211353475492,1.9961221614233717,3.9123994363898085,70.06844354148811,1.9071515681526239,0.6824654238462482,317.2014723410212,9.988885918102648,3.5744769192378074,0.0007104513623441259,0.00011439634677021429,0.07354772496813287,0.005780627647531807,0.0,0.0,0.0,0.0,0.0,0.0
baseline_ab,baseline_A,FFD+BestFit,30,0.0,0.0,898.4952327589789,24.45462611145395,4.464783452199391,8.750975566310807,180.3951547912989,8.324524122530644,2.9788926997052094,718.1000779676801,21.84788604251685,7.818165612601984,0.00011734162302066883,7.856887097890373e-06,0.004683793072278301,0.0009675734020325438,0.0,0.0,0.0,0.0,0.0,0.0
baseline_ab,baseline_A,FFD+NextFit,30,0.0,1.0,484.2631295165988,81.13916930213237,14.813917774669536,29.03527883835229,180.3951547912989,8.324524122530644,2.9788926997052094,303.8679747253001,80.04670717359431,28.64434628635229,0.00011433329588423173,7.8466429496355e-06,0.0009014027658849954,0.00023577458291473033,0.0,0.0,0.0,0.0,0.0,0.0
baseline_ab,baseline_A,MILP(BFD-warm)+BestFit,30,0.0,0.0,783.7952306115866,23.09495550616326,4.216542698434586,8.264423688931789,69.22739594136785,1.6440645620088106,0.5883209477832899,714.5678346702189,23.112988455388066,8.27087669693672,0.015797861417134604,0.0016731324801343053,0.0045300485411038,0.00015972549964453445,0.0,0.0,0.0,0.0,0.0,0.0
baseline_ab,baseline_A,MILP(BFD-warm)+CostAwareBestFit,30,0.0,0.0,385.20829137679,10.005930332966567,1.8268245840636554,3.5805761847647646,69.22739594136785,1.6440645620088106,0.5883209477832899,315.98089543542216,9.353585438314026,3.347137562236073,0.015686694780985513,0.0015787481396002648,0.07123069295970103,0.0029928541147954636,0.0,0.0,0.0,0.0,0.0,0.0
baseline_ab,baseline_A,MILP+BalancedPrice,30,0.0,0.0,384.72581695957103,8.741718598870726,1.5960121559879838,3.1281838257364485,69.22739594136785,1.6440645620088106,0.5883209477832899,315.4984210182032,7.969111188216453,2.851709814554593,0.019254247347513836,0.0362086320294642,0.03230835125626375,0.0003461511593985963,0.0,0.0,0.03333333333333333,0.06533333333333333,0.03333333333333333,0.06533333333333333
baseline_ab,baseline_A,MILP+BestFit,30,0.0,0.0,783.7952306115866,23.09495550616326,4.216542698434586,8.264423688931789,69.22739594136785,1.6440645620088106,0.5883209477832899,714.5678346702189,23.112988455388066,8.27087669693672,0.012853495279947917,0.0025958422612768956,0.004469565201240281,0.00014182025615771317,0.0,0.0,0.0,0.0,0.0,0.0
baseline_ab,baseline_A,MILP+CostAwareBestFit,30,0.0,0.0,385.20829137679,10.005930332966567,1.8268245840636554,3.5805761847647646,69.22739594136785,1.6440645620088106,0.5883209477832899,315.98089543542216,9.353585438314026,3.347137562236073,0.013842137654622395,0.007756989622902555,0.07159312237054109,0.0029832508623516924,0.0,0.0,0.0,0.0,0.0,0.0
baseline_ab,baseline_A,MILP+NextFit,30,0.0,1.0,256.74406066025284,61.62372133771232,11.250900751359156,22.051765472663945,69.22739594136785,1.6440645620088106,0.5883209477832899,187.51666471888498,61.94633510753532,22.167211327538585,0.012389310201009114,0.0017365584019654,0.0007591278757899999,0.0002130324891079807,0.0,0.0,0.0,0.0,0.0,0.0
baseline_ab,baseline_B,BFD+BestFit,30,0.0,0.0,895.9026322806188,29.145482379143623,5.3212127161420995,10.429576923638514,179.69806291744428,9.963451492082541,3.5653753267771138,716.2045693631748,25.45009661116457,9.107200109685472,0.0006414944228405754,1.5733676532530284e-05,0.004529408326682945,0.00015885530100949365,0.0,0.0,0.0,0.0,0.0,0.0
baseline_ab,baseline_B,BFD+NextFit,30,0.0,1.0,350.0639113471345,60.66383458085394,11.075650208231885,21.708274408134493,179.69806291744428,9.963451492082541,3.5653753267771138,170.36584842969026,59.72885406434706,21.373695927251646,0.0006390471554671725,6.227617955327612e-05,0.0006550028842563431,0.0002113379506943191,0.0,0.0,0.0,0.0,0.0,0.0
baseline_ab,baseline_B,CostAwareBFD+CostAwareBestFit,30,0.0,0.0,373.35320119936284,6.691863839943326,1.2217615922967,2.394652720901532,68.38647784714355,1.5346212217039947,0.5491571514308975,304.96672335221933,6.166233965272231,2.2065584859209637,0.0007252442883327603,1.644051176476045e-05,0.0618686721737807,0.003041589974743683,0.0,0.0,0.0,0.0,0.0,0.0
baseline_ab,baseline_B,FFD+BestFit,30,0.0,0.0,895.3399246740522,23.70605133576075,4.328113021990546,8.483101523101471,179.43222240689454,9.176779251809412,3.2838682809547786,715.9077022671577,20.303660132231073,7.265571467502971,8.381810039281845e-05,5.901167647667849e-06,0.004525438928976655,0.0001417164199126466,0.0,0.0,0.0,0.0,0.0,0.0
baseline_ab,baseline_B,FFD+NextFit,30,0.0,1.0,526.2994251486384,129.04590467957271,23.560450982221152,46.17848392515346,179.43222240689454,9.176779251809412,3.2838682809547786,346.867202741744,125.29749376701547,44.83713230690411,8.080554349968831e-05,6.939882917861564e-06,0.000874419502603511,0.00029357934945645247,0.0,0.0,0.0,0.0,0.0,0.0
baseline_ab,baseline_B,MILP(BFD-warm)+BestFit,30,0.0,0.0,781.3387939275271,18.42662693819436,3.3642264109271345,6.593883765417184,68.28688532395272,1.4907032999901273,0.5334413249819625,713.0519086035744,18.42351117131465,6.592768802558607,0.010375229517618816,0.0016628017386010635,0.004951212562931081,0.002092879786447371,0.0,0.0,0.0,0.0,0.0,0.0
baseline_ab,baseline_B,MILP(BFD-warm)+CostAwareBestFit,30,0.0,0.0,373.2667134574139,6.794424681644133,1.2404865544687829,2.431353646758814,68.28688532395272,1.4907032999901273,0.5334413249819625,304.9798281334612,6.211717435153888,2.2228345365868534,0.010329914093017579,0.0017609579738534864,0.061818193077730635,0.0029129097012905916,0.0,0.0,0.0,0.0,0.0,0.0
baseline_ab,baseline_B,MILP+BalancedPrice,30,0.0,0.0,373.2667134574139,6.794424681644133,1.2404865544687829,2.431353646758814,68.28688532395272,1.4907032999901273,0.5334413249819625,304.9798281334612,6.211717435153888,2.2228345365868534,0.00727698008219401,0.0018279555968642148,0.03254137788123141,0.00045724879666196166,0.0,0.0,0.0,0.0,0.0,0.0
baseline_ab,baseline_B,MILP+BestFit,30,0.0,0.0,781.3387939275271,18.42662693819436,3.3642264109271345,6.593883765417184,68.28688532395272,1.4907032999901273,0.5334413249819625,713.0519086035744,18.42351117131465,6.592768802558607,0.007307799657185873,0.0018477247858092849,0.005888644450654586,0.007143085667927872,0.0,0.0,0.0,0.0,0.0,0.0
baseline_ab,baseline_B,MILP+CostAwareBestFit,30,0.0,0.0,373.2667134574139,6.794424681644133,1.2404865544687829,2.431353646758814,68.28688532395272,1.4907032999901273,0.5334413249819625,304.9798281334612,6.211717435153888,2.2228345365868534,0.007216421763102213,0.0017618089876305092,0.06183005423129847,0.0027614713569583927,0.0,0.0,0.0,0.0,0.0,0.0
baseline_ab,baseline_B,MILP+NextFit,30,0.0,1.0,222.38884106122072,39.89590943260703,7.283963182807334,14.276567838302373,68.28688532395272,1.4907032999901273,0.5334413249819625,154.10195573726796,39.89755849880053,14.277157949061,0.007194622357686361,0.0017380553752283866,0.0006411347538232803,0.00015651574563249737,0.0,0.0,0.0,0.0,0.0,0.0
capacity_regimes,slack_A,BFD+BestFit,30,0.0,0.0,895.1908235424013,27.78518720930429,5.072857933013325,9.942801548706118,182.52827786623195,10.850166499279371,3.8826822169702195,712.6625456761695,22.235457321933982,7.956856213755547,0.0006378125865012408,3.7869054194801986e-05,0.004605451373693844,0.0002311445133718802,0.0,0.0,0.0,0.0,0.0,0.0
capacity_regimes,slack_A,BFD+NextFit,30,0.0,1.0,419.3552250250595,80.29543532380498,14.65987373051504,28.73335251180948,182.52827786623195,10.850166499279371,3.8826822169702195,236.82694715882747,80.96290219755767,28.972202465062118,0.0006026639913519223,2.5439643959472025e-05,0.00095883475150913,0.0003087901186652403,0.0,0.0,0.0,0.0,0.0,0.0
capacity_regimes,slack_A,CostAwareBFD+CostAwareBestFit,30,0.0,0.0,372.4996635108995,6.352730928297337,1.1598446770630617,2.273295567043601,69.4320722794819,1.8251681622504674,0.6531280388204889,303.06759123141757,5.134804010515594,1.8374660168192247,0.0007089512733121713,1.5123620378558431e-05,0.06346576102854064,0.003329075814197712,0.0,0.0,0.0,0.0,0.0,0.0
capacity_regimes,slack_A,FFD+BestFit,30,0.0,0.0,894.34893448731,25.326662807476936,4.6239948419940795,9.063029890308396,181.47685831916866,12.55173013804775,4.491578945119775,712.8720761681411,17.981284716388714,6.434520098031468,0.00010309172018120686,6.687758597281098e-06,0.004648095796195169,0.0002623302531684237,0.0,0.0,0.0,0.0,0.0,0.0
capacity_regimes,slack_A,FFD+NextFit,30,0.0,1.0,490.1146758667083,87.10901766702571,15.903857979448674,31.1715616397194,181.47685831916866,12.55173013804775,4.491578945119775,308.63781754753967,89.40990027178971,31.994921905522386,0.0001019875363757213,1.064986458288076e-05,0.0009300278034061193,0.0002863517242020249,0.0,0.0,0.0,0.0,0.0,0.0
capacity_regimes,slack_A,MILP(BFD-warm)+BestFit,30,0.0,0.0,787.5270221535017,21.576351703881667,3.939284845627005,7.72099829742893,68.99494042113754,1.6518423597473446,0.5911041969591071,718.5320817323642,21.637378454426905,7.742836439647043,0.014274152119954427,0.0017403431692237048,0.004639038909226656,0.00025780914233012827,0.0,0.0,0.0,0.0,0.0,0.0
capacity_regimes,slack_A,MILP(BFD-warm)+CostAwareBestFit,30,0.0,0.0,371.5879189600007,6.414280915043409,1.1710821157813842,2.295320946931513,68.99494042113754,1.6518423597473446,0.5911041969591071,302.5929785388632,5.289271089849974,1.8927413512648996,0.014386272430419922,0.002470526291089725,0.06240050978182505,0.003220549212607016,0.0,0.0,0.0,0.0,0.0,0.0
capacity_regimes,slack_A,MILP+BalancedPrice,30,0.0,0.0,371.5879189600007,6.414280915043409,1.1710821157813842,2.295320946931513,68.99494042113754,1.6518423597473446,0.5911041969591071,302.5929785388632,5.289271089849974,1.8927413512648996,0.011818877855936686,0.004651396869348408,0.03276570690795779,0.0004119138694413641,0.0,0.0,0.0,0.0,0.0,0.0
capacity_regimes,slack_A,MILP+BestFit,30,0.0,0.0,787.5270221535017,21.576351703881667,3.939284845627005,7.72099829742893,68.99494042113754,1.6518423597473446,0.5911041969591071,718.5320817323642,21.637378454426905,7.742836439647043,0.011089523633321127,0.001815723419620509,0.004673162444184224,0.0002786326206539642,0.0,0.0,0.0,0.0,0.0,0.0
capacity_regimes,slack_A,MILP+CostAwareBestFit,30,0.0,0.0,371.5879189600007,6.414280915043409,1.1710821157813842,2.295320946931513,68.99494042113754,1.6518423597473446,0.5911041969591071,302.5929785388632,5.289271089849974,1.8927413512648996,0.010975130399068196,0.0018212390245551798,0.06353633039010068,0.006233717544978089,0.0,0.0,0.0,0.0,0.0,0.0
capacity_regimes,slack_A,MILP+NextFit,30,0.0,1.0,288.58190716828983,68.62846695964225,12.529786480264683,24.558381501318777,68.99494042113754,1.6518423597473446,0.5911041969591071,219.5869667471522,69.12378002305667,24.735627004720033,0.010706806182861328,0.0016520321965363296,0.000892237457446754,0.00023150191102618744,0.0,0.0,0.0,0.0,0.0,0.0
capacity_regimes,slack_B,BFD+BestFit,30,0.0,0.0,905.9257021362341,28.766802380921337,5.2520755237746455,10.294068026598305,181.56746490607966,8.178506241269746,2.9266408719596155,724.3582372301547,26.237302659144426,9.388898176142403,0.0006320943823084236,2.6267050410593286e-05,0.004617545839088659,0.0001568678357717939,0.0,0.0,0.0,0.0,0.0,0.0
capacity_regimes,slack_B,BFD+NextFit,30,0.0,1.0,365.41926093074926,58.97972116226472,10.768174571979067,21.10562216107897,181.56746490607966,8.178506241269746,2.9266408719596155,183.8517960246698,58.16094840783714,20.81262809379283,0.0006306889466941356,3.256533437143046e-05,0.0007425999191279213,0.000236378307309763,0.0,0.0,0.0,0.0,0.0,0.0
capacity_regimes,slack_B,CostAwareBFD+CostAwareBestFit,30,0.0,0.0,365.44104367652113,4.586349893967478,0.8373490978458048,1.6412042317777773,68.31465420680165,1.4862673317093977,0.5318539341193635,297.1263894697196,3.9535765931179125,1.4147692141450683,0.0007262569774563114,1.6108445377527805e-05,0.057764844363555314,0.008938183000759355,0.0,0.0,0.0,0.0,0.0,0.0
capacity_regimes,slack_B,FFD+BestFit,30,0.0,0.0,891.9411223216842,26.9151784563965,4.914016793281814,9.631472914832354,173.93899992443212,8.663802597578654,3.1003019427575786,718.0021223972519,24.683590522314915,8.832909428471169,7.568613315622012e-05,6.9240859002331005e-06,0.004603344419350227,0.00015853864872358343,0.0,0.0,0.0,0.0,0.0,0.0
capacity_regimes,slack_B,FFD+NextFit,30,0.0,1.0,556.3954123125828,143.5476182657463,26.208089533429956,51.36785548552271,173.93899992443212,8.663802597578654,3.1003019427575786,382.45641238815085,142.79424175547254,51.09826316366136,7.266940859456857e-05,6.938577682607346e-06,0.000949255625406901,0.00033328438526381433,0.0,0.0,0.0,0.0,0.0,0.0
capacity_regimes,slack_B,MILP(BFD-warm)+BestFit,30,0.0,0.0,784.7552649204882,21.319217424768645,3.892338763967661,7.628983977376616,68.26733675121184,1.4810263949630322,0.5299784889907814,716.4879281692764,21.218569926996967,7.592967732851096,0.010306453704833985,0.0016430731034119631,0.004684408366059264,0.00020239681323484357,0.0,0.0,0.0,0.0,0.0,0.0
capacity_regimes,slack_B,MILP(BFD-warm)+CostAwareBestFit,30,0.0,0.0,365.35448128087694,4.666275535021547,0.8519414566885963,1.6698052551096487,68.26733675121184,1.4810263949630322,0.5299784889907814,297.0871445296651,4.019846423364445,1.4384835683383368,0.01004932721455892,0.0015230211650511922,0.05591622773402681,0.002697125540214958,0.0,0.0,0.0,0.0,0.0,0.0
capacity_regimes,slack_B,MILP+BalancedPrice,30,0.0,0.0,365.35448128087694,4.666275535021547,0.8519414566885963,1.6698052551096487,68.26733675121184,1.4810263949630322,0.5299784889907814,297.0871445296651,4.019846423364445,1.4384835683383368,0.007028619448343913,0.0015587419070589065,0.03280467922644069,0.0004774511391890484,0.0,0.0,0.0,0.0,0.0,0.0
capacity_regimes,slack_B,MILP+BestFit,30,0.0,0.0,784.7552649204882,21.319217424768645,3.892338763967661,7.628983977376616,68.26733675121184,1.4810263949630322,0.5299784889907814,716.4879281692764,21.218569926996967,7.592967732851096,0.007054845492045085,0.0017540237742521714,0.004648106933260957,0.0001520549181143838,0.0,0.0,0.0,0.0,0.0,0.0
capacity_regimes,slack_B,MILP+CostAwareBestFit,30,0.0,0.0,365.35448128087694,4.666275535021547,0.8519414566885963,1.6698052551096487,68.26733675121184,1.4810263949630322,0.5299784889907814,297.0871445296651,4.019846423364445,1.4384835683383368,0.008282192548116048,0.007747458725583375,0.059053630513759954,0.014262695810067984,0.0,0.0,0.0,0.0,0.0,0.0
capacity_regimes,slack_B,MILP+NextFit,30,0.0,1.0,246.17098230693452,41.367100599829456,7.552564712370693,14.80302683624656,68.26733675121184,1.4810263949630322,0.5299784889907814,177.9036455557227,41.25086880254904,14.76143382176359,0.006907749176025391,0.0016054114207142117,0.0007508443746094902,0.00014523775372734233,0.0,0.0,0.0,0.0,0.0,0.0
capacity_regimes,tight_A,BFD+BestFit,30,0.0,0.0,3967619.6131677,2539144.3684187327,463582.215781716,908621.1429321633,181.47080124040184,10.368626833305338,3.7103654605437315,3967438.142366459,2539142.297319944,908620.4017989801,0.0006002138679226239,2.57425557580307e-05,0.004851562545324365,0.0002370422563320331,0.0,0.0,3.966666666666667,0.9086121453355888,3.966666666666667,0.9086121453355888
capacity_regimes,tight_A,BFD+NextFit,30,0.0,1.0,369.0616854625026,54.53320528243737,9.956355555416945,19.51445688861721,181.47080124040184,10.368626833305338,3.7103654605437315,187.59088422210073,56.726752252943,20.29940759099,0.0006232014546791713,9.453699900945618e-05,0.0007387748997037609,0.0002981888537527359,0.0,0.0,0.0,0.0,0.0,0.0
capacity_regimes,tight_A,CostAwareBFD+CostAwareBestFit,30,0.0,0.0,5233868.732295092,3212997.7260442264,586610.443922409,1149756.4700879215,70.96962879048334,2.0540594702986676,0.7350357414752661,5233797.762666301,3212996.9759906013,1149756.2016846787,0.0006717236945405602,1.802366123019403e-05,0.08429692219942808,0.003001062729574552,0.0,0.0,5.233333333333333,1.1497360949898918,5.233333333333333,1.1497360949898918
capacity_regimes,tight_A,FFD+BestFit,30,0.0,0.0,3967609.5233956226,2539150.686178375,463583.369241539,908623.4037134164,179.11949084448574,9.571537589556277,3.425130737901617,3967430.403904779,2539150.94355918,908623.4958159546,0.00012430287121484678,7.304471061348445e-06,0.004784086059468488,0.00023124376525694812,0.0,0.0,3.966666666666667,0.9086121453355887,3.966666666666667,0.9086121453355887
capacity_regimes,tight_A,FFD+NextFit,30,0.0,1.0,427.3726876936942,68.95955484252053,12.590234580921036,24.67685977860523,179.11949084448574,9.571537589556277,3.425130737901617,248.25319684920845,68.05465636786626,24.353046018149392,0.0001253944200774034,1.5265392036924293e-05,0.000724317948333919,0.00019907005886494867,0.0,0.0,0.0,0.0,0.0,0.0
capacity_regimes,tight_A,MILP(BFD-warm)+BestFit,30,0.0,0.0,4200853.9608962005,2657483.525040448,485187.89095433283,950968.2662704923,69.65747198020773,1.6931257869989573,0.6058772816722371,4200784.30342422,2657483.125127655,950968.1231635371,0.01738612651824951,0.0016650069443050455,0.004796144451635579,0.00023596545526930284,0.0,0.0,4.2,0.9509581858653763,4.2,0.9509581858653763
capacity_regimes,tight_A,MILP(BFD-warm)+CostAwareBestFit,30,0.0,0.0,5133861.854668513,2837406.0716708107,518037.103418741,1015352.7227007324,69.65747198020773,1.6931257869989573,0.6058772816722371,5133792.197196532,2837405.6349755893,1015352.5664313544,0.017430226008097332,0.0017215151226368619,0.08366912354249507,0.0036020251954762767,0.0,0.0,5.133333333333334,1.0153338993666394,5.133333333333334,1.0153338993666394
capacity_regimes,tight_A,MILP+BalancedPrice,30,0.0,0.0,403.0611068689433,15.002946762819912,2.739150790348525,5.368735549083109,69.65747198020773,1.6931257869989573,0.6058772816722371,333.40363488873555,14.489821136934507,5.185115902063933,0.01569070021311442,0.007765583647842539,0.03229640422699352,0.00046818494553053995,0.0,0.0,13.7,2.9210145615805336,13.7,2.9210145615805336
capacity_regimes,tight_A,MILP+BestFit,30,0.0,0.0,4200853.9608962005,2657483.525040448,485187.89095433283,950968.2662704923,69.65747198020773,1.6931257869989573,0.6058772816722371,4200784.30342422,2657483.125127655,950968.1231635371,0.013966870307922364,0.001870801197050096,0.0047099805359418195,0.00019422278121591498,0.0,0.0,4.2,0.9509581858653763,4.2,0.9509581858653763
capacity_regimes,tight_A,MILP+CostAwareBestFit,30,0.0,0.0,5133861.854668513,2837406.0716708107,518037.103418741,1015352.7227007324,69.65747198020773,1.6931257869989573,0.6058772816722371,5133792.197196532,2837405.6349755893,1015352.5664313544,0.014147933324178059,0.0024629099085591356,0.0837574291896696,0.0034711826186656245,0.0,0.0,5.133333333333334,1.0153338993666394,5.133333333333334,1.0153338993666394
capacity_regimes,tight_A,MILP+NextFit,30,0.0,1.0,252.75469762438476,59.326548660280025,10.83149632005442,21.229732787306663,69.65747198020773,1.6931257869989573,0.6058772816722371,183.097225644177,59.52420849874852,21.300464452104787,0.014804728825887044,0.005180114395784151,0.000699477813517054,0.00016335962264844435,0.0,0.0,0.0,0.0,0.0,0.0
capacity_regimes,tight_B,BFD+BestFit,30,0.0,0.0,967595.9456750439,2059202.241323061,375957.17267927906,736876.058451387,179.15974340832548,7.210944397806034,2.580403312961329,967416.7859316354,2059204.9560143857,736877.0298912014,0.0006526639529814323,4.0698897774783676e-05,0.004821052759264906,0.000287161560473205,0.0,0.0,0.9666666666666667,0.7368687609616965,0.9666666666666667,0.7368687609616965
capacity_regimes,tight_B,BFD+NextFit,30,0.0,1.0,327.5087076973081,62.48466367748822,11.408086598094668,22.35984973226555,179.15974340832548,7.210944397806034,2.580403312961329,148.34896428898273,62.514404592685445,22.37049238208667,0.000627309720342358,2.9365485297431006e-05,0.0005479109085475405,0.00017787027561630983,0.0,0.0,0.0,0.0,0.0,0.0
capacity_regimes,tight_B,CostAwareBFD+CostAwareBestFit,30,0.0,0.0,1200447.0007436955,1689771.3325966296,308508.6252962462,604676.9055806425,68.56435075563178,1.5815953986945728,0.5659666447847775,1200378.4363929399,1689770.7607096499,604676.7009335151,0.0007383749665071567,3.9756248862320844e-05,0.08092563877968738,0.022287554869006767,0.0,0.0,1.2,0.6046605203149831,1.2,0.6046605203149831
capacity_regimes,tight_B,FFD+BestFit,30,0.0,0.0,800916.5036996169,1919076.863243494,350373.8958615728,686732.8358886827,178.86430070362817,12.448956195508291,4.454801762106742,800737.6393989134,1919075.65391369,686732.4031355701,9.613605216145516e-05,1.1222063730054842e-05,0.004733811155892909,0.00026399183676031863,0.0,0.0,0.8,0.6867237561358857,0.8,0.6867237561358857
capacity_regimes,tight_B,FFD+NextFit,30,0.0,1.0,467.57634890050247,101.7200841511673,18.57146154697269,36.40006463206647,178.86430070362817,12.448956195508291,4.454801762106742,288.7120481968743,99.8862858955615,35.74384835400064,9.33944092442592e-05,1.057169738377112e-05,0.000708570812518398,0.00019570684943444395,0.0,0.0,0.0,0.0,0.0,0.0
capacity_regimes,tight_B,MILP(BFD-warm)+BestFit,30,0.0,0.0,834142.3266884658,2035641.3802983759,371655.5676601243,728444.9126138436,68.35917123090627,1.516900381374809,0.5428158301598858,834073.9675172347,2035640.8310028715,728444.7160509718,0.011490066846211752,0.002178385959504191,0.004674537503160536,0.00020117643238686344,0.0,0.0,0.8333333333333334,0.7284310542297625,0.8333333333333334,0.7284310542297625
capacity_regimes,tight_B,MILP(BFD-warm)+CostAwareBestFit,30,0.0,0.0,1300449.998428282,1950292.5468120214,356073.0738743814,697903.2247937876,68.35917123090627,1.516900381374809,0.5428158301598858,1300381.6392570513,1950291.9816765822,697903.022562668,0.011502528190612793,0.002310755857365244,0.07233814729067187,0.003001601382736977,0.0,0.0,1.3,0.6978855421092038,1.3,0.6978855421092038
capacity_regimes,tight_B,MILP+BalancedPrice,30,0.0,0.0,392.60552768937237,8.244441180355095,1.5052221361683342,2.950235386889935,68.35917123090627,1.516900381374809,0.5428158301598858,324.2463564584662,8.41600936759711,3.0116302742077137,0.008415993054707844,0.0021529740008719954,0.032696265269381304,0.0007104850188820008,0.0,0.0,3.566666666666667,1.351027444979606,3.566666666666667,1.351027444979606
capacity_regimes,tight_B,MILP+BestFit,30,0.0,0.0,834142.3266884658,2035641.3802983759,371655.5676601243,728444.9126138436,68.35917123090627,1.516900381374809,0.5428158301598858,834073.9675172347,2035640.8310028715,728444.7160509718,0.008487415313720704,0.0023244179107596913,0.004693516662033896,0.0002512903864107614,0.0,0.0,0.8333333333333334,0.7284310542297625,0.8333333333333334,0.7284310542297625
capacity_regimes,tight_B,MILP+CostAwareBestFit,30,0.0,0.0,1300449.998428282,1950292.5468120214,356073.0738743814,697903.2247937876,68.35917123090627,1.516900381374809,0.5428158301598858,1300381.6392570513,1950291.9816765822,697903.022562668,0.008501331011454264,0.002212506028578471,0.07454007912892849,0.01060898447306505,0.0,0.0,1.3,0.6978855421092038,1.3,0.6978855421092038
capacity_regimes,tight_B,MILP+NextFit,30,0.0,1.0,220.43125003232333,68.28770786091437,12.46757266524855,24.436442423887158,68.35917123090627,1.516900381374809,0.5428158301598858,152.072078801417,68.52218477127366,24.520348908658853,0.008455467224121094,0.0021886864343241574,0.000607811069736878,0.00016881603887214603,0.0,0.0,0.0,0.0,0.0,0.0
cost_shift,high_penalty_A,BFD+BestFit,30,0.0,0.0,2012.064495026147,33.20543989683749,6.062456154459969,11.882414062741539,401.63707936561525,13.777317541479537,4.93014976492824,1610.4274156605318,30.45879722656016,10.899540606102358,0.000609319315602382,2.3086351432265645e-05,0.0044431362145890795,0.00019185973378243985,0.0,0.0,0.0,0.0,0.0,0.0
cost_shift,high_penalty_A,BFD+NextFit,30,0.0,1.0,942.9455950376683,154.71381571994363,28.246748942503498,55.36362792730685,401.63707936561525,13.777317541479537,4.93014976492824,541.308515672053,155.98687016668887,55.81918461041774,0.0006329264569406708,0.00010681007614965226,0.0008592096390202641,0.000190606018538429,0.0,0.0,0.0,0.0,0.0,0.0
cost_shift,high_penalty_A,CostAwareBFD+CostAwareBestFit,30,0.0,0.0,1214.0124617431625,18.26873950104783,3.335400240636523,6.537384471647585,231.21757884231482,2.966680217126298,1.0616128815386063,982.7948829008478,16.932021032052955,6.05904591075944,0.000717040275533994,3.8966211803293274e-05,0.07632536106587698,0.009164559039827217,0.0,0.0,0.0,0.0,0.0,0.0
cost_shift,high_penalty_A,FFD+BestFit,30,0.0,0.0,2011.1777694769305,37.38704525055356,6.82590934739819,13.378782320900452,402.8369074531314,12.949259746158784,4.633833088430327,1608.3408620237985,33.29870846282679,11.915789790440558,0.00011644857780387004,6.269279690201607e-06,0.0044472305802628394,0.00011207752110233228,0.0,0.0,0.0,0.0,0.0,0.0
cost_shift,high_penalty_A,FFD+NextFit,30,0.0,1.0,1202.4685718406354,208.3096821474773,38.03197061963484,74.54266241448428,402.8369074531314,12.949259746158784,4.633833088430327,799.6316643875039,206.88646100741968,74.03336927030213,0.00011815003429849942,1.340958801375366e-05,0.000919911009259522,0.0002665815901968047,0.0,0.0,0.0,0.0,0.0,0.0
cost_shift,high_penalty_A,MILP(BFD-warm)+BestFit,30,0.0,0.0,1831.3110994698757,36.26027739469181,6.62019062348912,12.975573622038675,229.90928257546108,2.5574337631248234,0.9151659187740091,1601.4018168944142,36.23662165945319,12.967108525899695,0.01602022647857666,0.002106536999778945,0.004448577637473742,6.859070174363508e-05,0.0,0.0,0.0,0.0,0.0,0.0
cost_shift,high_penalty_A,MILP(BFD-warm)+CostAwareBestFit,30,0.0,0.0,1210.8054902898214,17.22934276107314,3.1456332270760337,6.165441125069026,229.90928257546108,2.5574337631248234,0.9151659187740091,980.8962077143603,16.331824546994675,5.844268356942308,0.01676021416982015,0.003695970200254035,0.07633441657138368,0.010961414891505945,0.0,0.0,0.0,0.0,0.0,0.0
cost_shift,high_penalty_A,MILP+BalancedPrice,30,0.0,0.0,1209.49201156674,13.443184313448375,2.4543784310584247,4.810581724874512,229.90928257546108,2.5574337631248234,0.9151659187740091,979.582728991279,12.223090834197707,4.373976880585485,0.012784012158711751,0.0020901383961576133,0.0338827987977614,0.002580792723107343,0.0,0.0,0.03333333333333333,0.06533333333333333,0.03333333333333333,0.06533333333333333
cost_shift,high_penalty_A,MILP+BestFit,30,0.0,0.0,1831.3110994698757,36.26027739469181,6.62019062348912,12.975573622038675,229.90928257546108,2.5574337631248234,0.9151659187740091,1601.4018168944142,36.23662165945319,12.967108525899695,0.012694724400838216,0.0017918056191689154,0.004508758320783576,8.40678615816947e-05,0.0,0.0,0.0,0.0,0.0,0.0
cost_shift,high_penalty_A,MILP+CostAwareBestFit,30,0.0,0.0,1210.8054902898214,17.22934276107314,3.1456332270760337,6.165441125069026,229.90928257546108,2.5574337631248234,0.9151659187740091,980.8962077143603,16.331824546994675,5.844268356942308,0.012511396408081054,0.0017123459140233903,0.07231798879026125,0.0033161171116381487,0.0,0.0,0.0,0.0,0.0,0.0
cost_shift,high_penalty_A,MILP+NextFit,30,0.0,1.0,669.4092795455784,150.0738136448513,27.399604341370548,53.703224509086276,229.90928257546108,2.5574337631248234,0.9151659187740091,439.4999969701175,150.5472871647075,53.8726548321946,0.0157452662785848,0.005112830755875162,0.0008873083473493656,0.00034609073292836575,0.0,0.0,0.0,0.0,0.0,0.0
cost_shift,high_penalty_B,BFD+BestFit,30,0.0,0.0,2004.7374279920741,45.33741703422354,8.277442002887733,16.223786325659958,401.7525423160244,15.498702321017275,5.546139397208839,1602.9848856760498,39.58903917292283,14.16675572617746,0.0006330916347603003,1.2805507849467087e-05,0.004480511128591994,5.5164363690528976e-05,0.0,0.0,0.0,0.0,0.0,0.0
cost_shift,high_penalty_B,BFD+NextFit,30,0.0,1.0,806.1364546881351,150.24655778296474,27.43114296174439,53.765040205019,401.7525423160244,15.498702321017275,5.546139397208839,404.3839123721107,149.73996165981285,53.583757110544965,0.0006591444369405508,4.7594469186954674e-05,0.0007299457443878055,0.0002229821559079721,0.0,0.0,0.0,0.0,0.0,0.0
cost_shift,high_penalty_B,CostAwareBFD+CostAwareBestFit,30,0.0,0.0,1191.882757421231,10.409565973245302,1.9005180324615567,3.725015343624651,228.6011877622233,2.387188567095099,0.8542444577813947,963.2815696590076,9.591919501534719,3.432424311432659,0.0007327015046030283,1.2093558691037163e-05,0.062365791651730736,0.0027972219370868395,0.0,0.0,0.0,0.0,0.0,0.0
cost_shift,high_penalty_B,FFD+BestFit,30,0.0,0.0,2003.8621050485258,36.87607985562768,6.73262025642971,13.195935702602231,401.33901263294695,14.274989947259048,5.1082395481518645,1602.5230924155787,31.58347131680379,11.302000060560143,8.24861228466034e-05,5.029852757195232e-06,0.0044481736530239385,5.1137165395683106e-05,0.0,0.0,0.0,0.0,0.0,0.0
cost_shift,high_penalty_B,FFD+NextFit,30,0.0,1.0,1339.3916983793638,348.9961691012354,63.717691433211364,124.88667520909428,401.33901263294695,14.274989947259048,5.1082395481518645,938.0526857464166,343.2963198203914,122.84701033910231,0.00011194168279568354,0.00012301308719852346,0.0009214903227984905,0.00028895907710829385,0.0,0.0,0.0,0.0,0.0,0.0
cost_shift,high_penalty_B,MILP(BFD-warm)+BestFit,30,0.0,0.0,1827.0084942576348,28.3508678216379,5.17613661025281,10.145227756095506,228.44626605948204,2.3188717999846515,0.8297976166386115,1598.5622281981525,28.34715488853423,10.14389910004812,0.010396305720011394,0.0017769993494972458,0.004547499919620653,9.63616357254508e-05,0.0,0.0,0.0,0.0,0.0,0.0
cost_shift,high_penalty_B,MILP(BFD-warm)+CostAwareBestFit,30,0.0,0.0,1191.748220933755,10.569105060335447,1.929645751395908,3.7821056727359794,228.44626605948204,2.3188717999846515,0.8297976166386115,963.3019548742728,9.662671565795058,3.457742612468482,0.010483996073404948,0.0019401116645816514,0.06236235687974841,0.002885773071067882,0.0,0.0,0.0,0.0,0.0,0.0
cost_shift,high_penalty_B,MILP+BalancedPrice,30,0.0,0.0,1191.748220933755,10.569105060335447,1.929645751395908,3.7821056727359794,228.44626605948204,2.3188717999846515,0.8297976166386115,963.3019548742728,9.662671565795058,3.457742612468482,0.007979607582092286,0.0025504470398152713,0.03610155138497551,0.007755683217785964,0.0,0.0,0.0,0.0,0.0,0.0
cost_shift,high_penalty_B,MILP+BestFit,30,0.0,0.0,1827.0084942576348,28.3508678216379,5.17613661025281,10.145227756095506,228.44626605948204,2.3188717999846515,0.8297976166386115,1598.5622281981525,28.34715488853423,10.14389910004812,0.008304444948832194,0.0027453908872046074,0.005348123509126405,0.00210194452161782,0.0,0.0,0.0,0.0,0.0,0.0
cost_shift,high_penalty_B,MILP+CostAwareBestFit,30,0.0,0.0,1191.748220933755,10.569105060335447,1.929645751395908,3.7821056727359794,228.44626605948204,2.3188717999846515,0.8297976166386115,963.3019548742728,9.662671565795058,3.457742612468482,0.007817459106445313,0.003092034339081286,0.06474923195783049,0.005574239296724906,0.0,0.0,0.0,0.0,0.0,0.0
cost_shift,high_penalty_B,MILP+NextFit,30,0.0,1.0,584.5085675767137,94.66418744380319,17.28323695028944,33.8751444225673,228.44626605948204,2.3188717999846515,0.8297976166386115,356.06230151723173,94.63681928527639,33.865350852816064,0.008717989921569825,0.0026126543129041946,0.0007506014313548804,0.0002946244990684306,0.0,0.0,0.0,0.0,0.0,0.0
graph_sparsity,dense_A,BFD+BestFit,30,0.0,0.0,897.2614739098805,25.470348776218074,4.650228190752914,9.114447253875712,178.96634194489835,11.00439335161732,3.9378715872892474,718.2951319649823,21.02270181930403,7.522877230676638,0.0006959902743498485,2.0935250935442522e-05,0.0051938985784848535,0.00014525670532066946,0.0,0.0,0.0,0.0,0.0,0.0
graph_sparsity,dense_A,BFD+NextFit,30,0.0,1.0,453.8929948440774,97.96861039805829,17.88653928081723,35.057616990401776,178.96634194489835,11.00439335161732,3.9378715872892474,274.9266528991791,96.23797920855993,34.438318572811085,0.0007134568644687533,9.26934271837124e-05,0.0010911653672034541,0.0003537361599143784,0.0,0.0,0.0,0.0,0.0,0.0
graph_sparsity,dense_A,CostAwareBFD+CostAwareBestFit,30,0.0,0.0,359.9463895750085,6.617751526521319,1.2082305970133247,2.3681319701461163,67.56356159524532,1.5633496816415229,0.5594374987903403,292.38282797976314,5.93335070886581,2.123222282892247,0.0008368138999988636,8.978189451754245e-05,0.11837033615447581,0.012571061950652168,0.0,0.0,0.0,0.0,0.0,0.0
graph_sparsity,dense_A,FFD+BestFit,30,0.0,0.0,888.0839338668404,24.312162777749368,4.438773325036929,8.699995717072381,177.8660778718035,10.074721573353813,3.605192813989083,710.2178559950371,18.385777467818887,6.579265970177817,0.0001233723092203339,5.163781934721983e-06,0.005151800050710639,0.00012084578661665641,0.0,0.0,0.0,0.0,0.0,0.0
graph_sparsity,dense_A,FFD+NextFit,30,0.0,1.0,538.8711535063117,94.99162589084692,17.343018758169542,33.9923167660123,177.8660778718035,10.074721573353813,3.605192813989083,361.00507563450816,97.37735820384877,34.84604010995903,0.00012900137808173894,2.3667338824157227e-05,0.0011676179788385828,0.00035178821312569354,0.0,0.0,0.0,0.0,0.0,0.0
graph_sparsity,dense_A,MILP(BFD-warm)+BestFit,30,0.0,0.0,782.7436719350783,24.030630999463096,4.387372889829617,8.59925086406605,66.73141144197595,1.2513655968641992,0.44779542785777937,716.0122604931023,23.536971560029862,8.422597102406797,0.023265949885050454,0.006485080877800501,0.005457091494463384,0.0005811224942119639,0.0,0.0,0.0,0.0,0.0,0.0
graph_sparsity,dense_A,MILP(BFD-warm)+CostAwareBestFit,30,0.0,0.0,359.0045043410343,6.4607762901378045,1.1795709710343392,2.311959103227305,66.73141144197595,1.2513655968641992,0.44779542785777937,292.2730928990584,5.98435437442446,2.141473710211636,0.019757588704427082,0.0034963417975422545,0.11314170140152176,0.00783265199899625,0.0,0.0,0.0,0.0,0.0,0.0
graph_sparsity,dense_A,MILP+BalancedPrice,30,0.0,0.0,359.0045043410343,6.4607762901378045,1.1795709710343392,2.311959103227305,66.73141144197595,1.2513655968641992,0.44779542785777937,292.2730928990584,5.98435437442446,2.141473710211636,0.015648818016052245,0.0026752087612781214,0.050418120824421445,0.003686172568399559,0.0,0.0,0.0,0.0,0.0,0.0
graph_sparsity,dense_A,MILP+BestFit,30,0.0,0.0,782.7436719350783,24.030630999463096,4.387372889829617,8.59925086406605,66.73141144197595,1.2513655968641992,0.44779542785777937,716.0122604931023,23.536971560029862,8.422597102406797,0.014882707595825195,0.0021532947427365208,0.005381044403960308,0.0001537452309454122,0.0,0.0,0.0,0.0,0.0,0.0
graph_sparsity,dense_A,MILP+CostAwareBestFit,30,0.0,0.0,359.0045043410343,6.4607762901378045,1.1795709710343392,2.311959103227305,66.73141144197595,1.2513655968641992,0.44779542785777937,292.2730928990584,5.98435437442446,2.141473710211636,0.016471489270528158,0.004426410999953889,0.14616150549457718,0.10663527896927653,0.0,0.0,0.0,0.0,0.0,0.0
graph_sparsity,dense_A,MILP+NextFit,30,0.0,1.0,308.14019819206834,80.00019498114298,14.605970465327863,28.62770211204261,66.73141144197595,1.2513655968641992,0.44779542785777937,241.40878675009245,80.1603848302668,28.68502531335694,0.01499333381652832,0.0021810677687228563,0.0009753291495144367,0.00028196941378752423,0.0,0.0,0.0,0.0,0.0,0.0
graph_sparsity,dense_B,BFD+BestFit,30,0.0,0.0,894.2700570184031,22.430990725883397,4.095319869251839,8.026826943733605,178.49747350393375,10.553757116665833,3.7766134816293246,715.7725835144697,19.781168854535526,7.078600365025854,0.0007456986233592034,1.3204435633869423e-05,0.005316441700172921,0.00011365395457705606,0.0,0.0,0.0,0.0,0.0,0.0
graph_sparsity,dense_B,BFD+NextFit,30,0.0,1.0,358.1364536871844,53.213304985696034,9.715375833355946,19.042136633377655,178.49747350393375,10.553757116665833,3.7766134816293246,179.63898018325074,52.23359011511697,18.691550169478575,0.000777618035984536,0.00014449393722625197,0.0009281347272917628,0.00038066101812239087,0.0,0.0,0.0,0.0,0.0,0.0
graph_sparsity,dense_B,CostAwareBFD+CostAwareBestFit,30,0.0,0.0,349.7002957800376,5.2726925369198945,0.9626575470867224,1.886808792289976,66.0648734783853,1.1222987899611727,0.4016094641680247,283.63542230165234,4.621541899232588,1.653797529127771,0.0008669485648473104,3.041074198413919e-05,0.09958900408819318,0.013148513431193465,0.0,0.0,0.0,0.0,0.0,0.0
graph_sparsity,dense_B,FFD+BestFit,30,0.0,0.0,888.8378184842738,20.6834961350684,3.7762724670826273,7.401494035481949,176.16739567280231,9.275566072005223,3.3192186905610073,712.6704228114717,19.61883491082428,7.0205099093171635,8.925991132855416e-05,6.4509827918872235e-06,0.005421815261555215,0.00015418212757399563,0.0,0.0,0.0,0.0,0.0,0.0
graph_sparsity,dense_B,FFD+NextFit,30,0.0,1.0,534.834818868146,115.35889482675165,21.061556301825963,41.280650351578885,176.16739567280231,9.275566072005223,3.3192186905610073,358.6674231953437,116.69970489366472,41.76045307197804,0.00012527917666981618,0.0001038595274605755,0.0011802071084578833,0.000600385233731773,0.0,0.0,0.0,0.0,0.0,0.0
graph_sparsity,dense_B,MILP(BFD-warm)+BestFit,30,0.0,0.0,785.1713656887002,20.647216211491756,3.7696486895734638,7.388511431563989,66.00374624838994,1.1025687912135793,0.39454917479060236,719.1676194403102,20.63345299577566,7.3835863280724645,0.01212451457977295,0.0017853684675913867,0.0053279708294818795,5.8194358379919205e-05,0.0,0.0,0.0,0.0,0.0,0.0
graph_sparsity,dense_B,MILP(BFD-warm)+CostAwareBestFit,30,0.0,0.0,349.5928252957059,5.228091292182566,0.9545145111415746,1.8708484418374862,66.00374624838994,1.1025687912135793,0.39454917479060236,283.58907904731603,4.589422691902653,1.642303818397028,0.013371102015177409,0.004759262371565538,0.09989693318493664,0.006703774340279036,0.0,0.0,0.0,0.0,0.0,0.0
graph_sparsity,dense_B,MILP+BalancedPrice,30,0.0,0.0,349.5928252957059,5.228091292182566,0.9545145111415746,1.8708484418374862,66.00374624838994,1.1025687912135793,0.39454917479060236,283.58907904731603,4.589422691902653,1.642303818397028,0.008501466115315754,0.0018036707274411573,0.04942201386050631,0.0011610703694721017,0.0,0.0,0.0,0.0,0.0,0.0
graph_sparsity,dense_B,MILP+BestFit,30,0.0,0.0,785.1713656887002,20.647216211491756,3.7696486895734638,7.388511431563989,66.00374624838994,1.1025687912135793,0.39454917479060236,719.1676194403102,20.63345299577566,7.3835863280724645,0.008485770225524903,0.0017225875347044064,0.005767859751358628,0.0016279581988355926,0.0,0.0,0.0,0.0,0.0,0.0
graph_sparsity,dense_B,MILP+CostAwareBestFit,30,0.0,0.0,349.5928252957059,5.228091292182566,0.9545145111415746,1.8708484418374862,66.00374624838994,1.1025687912135793,0.39454917479060236,283.58907904731603,4.589422691902653,1.642303818397028,0.009417883555094401,0.0038690363254604834,0.10107264446560293,0.010608215306545576,0.0,0.0,0.0,0.0,0.0,0.0
graph_sparsity,dense_B,MILP+NextFit,30,0.0,1.0,227.1714808029269,41.88211303835181,7.646592689028839,14.987321670496526,66.00374624838994,1.1025687912135793,0.39454917479060236,161.1677345545369,41.851812727181056,14.976478843397128,0.008682926495869955,0.0017750289855655464,0.0007408541316787402,0.00016931469625868818,0.0,0.0,0.0,0.0,0.0,0.0
graph_sparsity,sparse_A,BFD+BestFit,30,0.0,0.0,100918.8753312629,402587.8761482591,73502.15371483252,144064.22128107172,176.9458854189684,12.184563301059097,4.360189979915256,100741.92944584395,402587.53086802317,144064.09772412613,0.00044719992050280176,2.8818941705053154e-05,0.0036880235575760404,0.00018955556103042784,0.0,0.0,0.1,0.14406065133952367,0.1,0.14406065133952367
graph_sparsity,sparse_A,BFD+NextFit,30,0.0,1.0,493.75052424467015,92.11452556570968,16.81773450874184,32.962759637134006,176.9458854189684,12.184563301059097,4.360189979915256,316.8046388257017,93.44047193267264,33.43724345081606,0.0004547110991552472,4.057230121145943e-05,0.0011730277057116231,0.00037082878043144275,0.0,0.0,0.0,0.0,0.0,0.0
graph_sparsity,sparse_A,CostAwareBFD+CostAwareBestFit,30,0.0,0.0,455.4456598181939,15.357653683504331,2.803911117602542,5.495665790500983,79.48081630110298,2.6040690000307802,0.9318541239762959,375.96484351709086,14.572859066082955,5.214830643387038,0.0004933167481794953,3.329032909083274e-05,0.03414713603754838,0.0018391359739149858,0.0,0.0,0.0,0.0,0.0,0.0
graph_sparsity,sparse_A,FFD+BestFit,30,0.0,0.0,134250.57642820987,434172.3113271798,79268.65625268404,155366.56625526072,176.0060942067852,8.327550989814341,2.979975850251915,134074.5703340031,434170.7849269512,155366.02003995387,0.00012722630829860768,0.00011695408173642246,0.004428907033676903,0.003572664314984331,0.0,0.0,0.13333333333333333,0.15536662856620997,0.13333333333333333,0.15536662856620997
graph_sparsity,sparse_A,FFD+NextFit,30,0.0,1.0,571.6759756876032,105.34351721634825,19.23300688877592,37.6966935020008,176.0060942067852,8.327550989814341,2.979975850251915,395.66988148081805,105.15022105074372,37.627523357482644,0.00010749573508898418,2.16376625575748e-05,0.0011598820177217324,0.0003177737332859802,0.0,0.0,0.0,0.0,0.0,0.0
graph_sparsity,sparse_A,MILP(BFD-warm)+BestFit,30,0.0,0.0,100821.07415389083,305124.05094763177,55707.77518045782,109187.23935369732,78.46380836087054,2.4822452313163943,0.8882600482150572,100742.61034552999,305124.089846912,109187.253273626,0.010202693939208984,0.0016137230754456166,0.0037435902515426276,0.000211249547469501,0.0,0.0,0.1,0.10918885884810649,0.1,0.10918885884810649
graph_sparsity,sparse_A,MILP(BFD-warm)+CostAwareBestFit,30,0.0,0.0,454.58574691259827,17.253064905499926,3.1499642782810153,6.17392998543079,78.46380836087054,2.4822452313163943,0.8882600482150572,376.12193855172785,16.65838199063453,5.961125437368119,0.010417660077412924,0.0018771970239048208,0.0338365445456778,0.0017646801392917765,0.0,0.0,0.0,0.0,0.0,0.0
graph_sparsity,sparse_A,MILP+BalancedPrice,30,0.0,0.0,451.4953129710208,12.695693473234039,2.317905899487131,4.543095562994777,78.46380836087054,2.4822452313163943,0.8882600482150572,373.0315046101503,12.201461927296908,4.3662370756523705,0.009208607673645019,0.0013177795851877588,0.01737495556784173,0.0004258968578434457,0.0,0.0,0.2,0.17328098236844897,0.2,0.17328098236844897
graph_sparsity,sparse_A,MILP+BestFit,30,0.0,0.0,100821.07415389083,305124.05094763177,55707.77518045782,109187.23935369732,78.46380836087054,2.4822452313163943,0.8882600482150572,100742.61034552999,305124.089846912,109187.253273626,0.010605287551879884,0.008757904014530797,0.003781263902783394,0.00021918835910274078,0.0,0.0,0.1,0.10918885884810649,0.1,0.10918885884810649
graph_sparsity,sparse_A,MILP+CostAwareBestFit,30,0.0,0.0,454.58574691259827,17.253064905499926,3.1499642782810153,6.17392998543079,78.46380836087054,2.4822452313163943,0.8882600482150572,376.12193855172785,16.65838199063453,5.961125437368119,0.00903027057647705,0.001284411536760887,0.03341634050011635,0.0016805579382731313,0.0,0.0,0.0,0.0,0.0,0.0
graph_sparsity,sparse_A,MILP+NextFit,30,0.0,1.0,341.9501842723291,66.43289009046622,12.128930820936587,23.77270440903571,78.46380836087054,2.4822452313163943,0.8882600482150572,263.48637591145854,66.80279073527046,23.905071654803105,0.008821344375610352,0.001145769105634168,0.0009376707253977657,0.00020099891681921145,0.0,0.0,0.0,0.0,0.0,0.0
graph_sparsity,sparse_B,BFD+BestFit,30,0.0,0.0,913.2610235510601,27.964083935849434,5.1055198572108615,10.006818920133288,177.2395758799037,11.4457210040503,4.095798659474965,736.0214476711565,29.030056364270486,10.388272254686804,0.0004626125174884995,1.9383507257017417e-05,0.0037001319928094746,0.00018325801948039993,0.0,0.0,0.0,0.0,0.0,0.0
graph_sparsity,sparse_B,BFD+NextFit,30,0.0,1.0,388.01873838427827,46.2834366466681,8.450160763413793,16.562315096291034,177.2395758799037,11.4457210040503,4.095798659474965,210.77916250437465,41.7700167038691,14.947208512370105,0.0004632111794004838,4.228746946645355e-05,0.0007970471478377779,0.0001612679433220411,0.0,0.0,0.0,0.0,0.0,0.0
graph_sparsity,sparse_B,CostAwareBFD+CostAwareBestFit,30,0.0,0.0,433.7758413520565,10.287164716989556,1.878170722755476,3.681214616600733,77.61752643692643,2.1092824269601826,0.7547970227249522,356.15831491512995,9.846044102868662,3.5233616321234966,0.0005035749558980267,3.414881421481739e-05,0.029997390252538024,0.0012974823447325604,0.0,0.0,0.0,0.0,0.0,0.0
graph_sparsity,sparse_B,FFD+BestFit,30,0.0,0.03333333333333333,901.3332306884826,28.636307141594884,5.228250461699267,10.247370904930564,176.8137565243122,13.125150744721678,4.6967748739126645,724.5194741641706,28.086633297200432,10.050672645884886,7.424735619376103e-05,6.54282321323994e-06,0.0036407084437087176,0.00014514660667862953,0.0,0.0,0.0,0.0,0.0,0.0
graph_sparsity,sparse_B,FFD+NextFit,30,0.0,1.0,546.8067263226087,136.00218502417576,24.83048820257745,48.6677568770518,176.8137565243122,13.125150744721678,4.6967748739126645,369.9929697982964,136.71543688315433,48.92299077685057,7.098482456058264e-05,9.705093166664653e-06,0.0009108860744163394,0.00033081799489674893,0.0,0.0,0.0,0.0,0.0,0.0
graph_sparsity,sparse_B,MILP(BFD-warm)+BestFit,30,0.0,0.0,34132.689715570545,182578.1446873702,33334.056117571556,65334.74999044025,77.48136369544362,2.043823043768675,0.7313726832857016,34055.2083518751,182577.99431027516,65334.69617868789,0.0059195756912231445,0.0010966434347103686,0.0036737846365819376,0.00021106117949901672,0.0,0.0,0.03333333333333333,0.06533333333333331,0.03333333333333333,0.06533333333333331
graph_sparsity,sparse_B,MILP(BFD-warm)+CostAwareBestFit,30,0.0,0.0,434.5670783437389,11.127042640394638,2.0315107508219956,3.9817610716111114,77.48136369544362,2.043823043768675,0.7313726832857016,357.08571464829515,10.734908506367368,3.841437673905112,0.0059568564097086584,0.0011468260225532291,0.029876966611482203,0.0012751964750332913,0.0,0.0,0.0,0.0,0.0,0.0
graph_sparsity,sparse_B,MILP+BalancedPrice,30,0.0,0.0,433.78004748258275,9.852417076802983,1.7987970263047008,3.5256421715572137,77.48136369544362,2.043823043768675,0.7313726832857016,356.29868378713905,9.565552749678737,3.4229890904563463,0.004568998018900553,0.0008451686562960229,0.01740621242982646,0.0004024631287500627,0.0,0.0,0.06666666666666667,0.09078828894720777,0.06666666666666667,0.09078828894720777
graph_sparsity,sparse_B,MILP+BestFit,30,0.0,0.0,34132.689715570545,182578.1446873702,33334.056117571556,65334.74999044025,77.48136369544362,2.043823043768675,0.7313726832857016,34055.2083518751,182577.99431027516,65334.69617868789,0.004561519622802735,0.0008339067165177796,0.0037196250710015495,0.00019508318146665613,0.0,0.0,0.03333333333333333,0.06533333333333331,0.03333333333333333,0.06533333333333331
graph_sparsity,sparse_B,MILP+CostAwareBestFit,30,0.0,0.0,434.5670783437389,11.127042640394638,2.0315107508219956,3.9817610716111114,77.48136369544362,2.043823043768675,0.7313726832857016,357.08571464829515,10.734908506367368,3.841437673905112,0.005905826886494954,0.007903435887362108,0.030287879232006768,0.002370681397255707,0.0,0.0,0.0,0.0,0.0,0.0
graph_sparsity,sparse_B,MILP+NextFit,30,0.0,1.0,260.71539046028255,50.85872817070661,9.285490888373154,18.19956214121138,77.48136369544362,2.043823043768675,0.7313726832857016,183.23402676483892,50.91647728093636,18.22022739490586,0.0046654144922892255,0.0010274880956796994,0.0007517194530616204,0.00017417410628608887,0.0,0.0,0.0,0.0,0.0,0.0
horizon_stress,long_A,BFD+BestFit,30,0.0,0.0,30568415.907711785,4048726.041489328,739192.8606941006,1448818.0069604372,179.62383673503834,8.856846990951137,3.169381991739585,30568236.28387505,4048724.963653472,1448817.6212618295,0.0006003194566195209,1.0741021286404642e-05,0.011763781992097695,0.0005597899410462583,0.0,0.0,30.566666666666666,1.4488079073812448,30.566666666666666,1.4488079073812448
horizon_stress,long_A,BFD+NextFit,30,0.0,1.0,399.0564061701223,70.9594953539699,12.955372091517448,25.3925292993742,179.62383673503834,8.856846990951137,3.169381991739585,219.43256943508388,70.94539039643348,25.387481905142835,0.0006897860594714682,0.00017671663915981816,0.0009224597985545794,0.00022420375433329225,0.0,0.0,0.0,0.0,0.0,0.0
horizon_stress,long_A,CostAwareBFD+CostAwareBestFit,30,0.0,0.0,31067943.96083517,4209534.96866223,768552.419647702,1506362.742509496,70.06844354148811,1.9071515681526239,0.6824654238462482,31067873.892391626,4209534.395265228,1506362.5373220139,0.0007074541412293911,1.6811808345453584e-05,0.1672775487260272,0.0049113089442787165,0.0,0.0,31.066666666666666,1.5063353516302012,31.066666666666666,1.5063353516302012
horizon_stress,long_A,FFD+BestFit,30,0.0,0.0,30101745.189006623,4543705.33860771,829563.3028706972,1625944.0736265664,180.3951547912989,8.324524122530644,2.9788926997052094,30101564.793851834,4543706.924573384,1625944.6411570944,0.00011453889310359955,5.516557260226085e-06,0.011552436075483759,0.0011536804735243298,0.0,0.0,30.1,1.6259271166032463,30.1,1.6259271166032463
horizon_stress,long_A,FFD+NextFit,30,0.0,1.0,476.9462586452643,84.87082026543504,15.495220911115121,30.370632985785637,180.3951547912989,8.324524122530644,2.9788926997052094,296.55110385396546,84.04054988606022,30.073524546252486,0.0001243901749451955,1.2894663186928885e-05,0.0009754167248805363,0.0002996008720586256,0.0,0.0,0.0,0.0,0.0,0.0
horizon_stress,long_A,MILP(BFD-warm)+BestFit,30,0.0,0.0,29968384.768684283,4468200.501917868,815778.0687854405,1598925.0148194635,69.22739594136785,1.6440645620088106,0.5883209477832899,29968315.541288342,4468200.197689562,1598924.9059527623,0.016612831751505533,0.002742834756735338,0.011782677688946327,0.0010097418134762841,0.0,0.0,29.966666666666665,1.5989070788333182,29.966666666666665,1.5989070788333182
horizon_stress,long_A,MILP(BFD-warm)+CostAwareBestFit,30,0.0,0.0,31101270.50510523,4285972.276394199,782507.8988742897,1533715.4817936078,69.22739594136785,1.6440645620088106,0.5883209477832899,31101201.277709283,4285971.804165385,1533715.312808697,0.016141764322916665,0.0029073263998820914,0.16679004181642085,0.006519793636367287,0.0,0.0,31.1,1.5336907329601415,31.1,1.5336907329601415
horizon_stress,long_A,MILP+BalancedPrice,30,0.0,0.0,511.5054434060667,22.56624503261523,4.120013814184088,8.075227075800813,69.22739594136785,1.6440645620088106,0.5883209477832899,442.27804746469894,22.702988369764093,8.124160050559524,0.012446840604146322,0.0015757871953784083,0.058203332017486294,0.0011808404859368342,0.0,0.0,95.9,4.91134135761652,95.9,4.91134135761652
horizon_stress,long_A,MILP+BestFit,30,0.0,0.0,29968384.768684283,4468200.501917868,815778.0687854405,1598925.0148194635,69.22739594136785,1.6440645620088106,0.5883209477832899,29968315.541288342,4468200.197689562,1598924.9059527623,0.012727594375610352,0.0030604170638730203,0.011281998634027937,0.0007068593107867551,0.0,0.0,29.966666666666665,1.5989070788333182,29.966666666666665,1.5989070788333182
horizon_stress,long_A,MILP+CostAwareBestFit,30,0.0,0.0,31101270.50510523,4285972.276394199,782507.8988742897,1533715.4817936078,69.22739594136785,1.6440645620088106,0.5883209477832899,31101201.277709283,4285971.804165385,1533715.312808697,0.013645601272583009,0.0020096013878093053,0.17981045412210125,0.02155764639907684,0.0,0.0,31.1,1.5336907329601415,31.1,1.5336907329601415
horizon_stress,long_A,MILP+NextFit,30,0.0,1.0,266.2547137091182,55.961593447174245,10.217142361650208,20.025599028834407,69.22739594136785,1.6440645620088106,0.5883209477832899,197.02731776775036,56.45141462414855,20.200879285912475,0.012653962771097819,0.001714250976998502,0.0007991180134316286,0.00018467831144162983,0.0,0.0,0.0,0.0,0.0,0.0
horizon_stress,long_B,BFD+BestFit,30,0.0,1.0,34335001.838473804,5422467.44968181,990002.5798427456,1940405.0564917813,179.69806291744428,9.963451492082541,3.5653753267771138,34334822.14041088,5422465.429241613,1940404.333486542,0.0006444334518164397,5.200820750453889e-05,0.011663755510623257,0.001603010466970234,0.0,0.0,34.333333333333336,1.9403768642918124,34.333333333333336,1.9403768642918124
horizon_stress,long_B,BFD+NextFit,30,0.0,1.0,342.937504063445,50.096527202960296,9.14633266724418,17.92681202779859,179.69806291744428,9.963451492082541,3.5653753267771138,163.23944114600076,48.802099560479455,17.463607044819863,0.0007314250183602174,0.00020961218243985985,0.0006977180407072107,0.00019206454701089766,0.0,0.0,0.0,0.0,0.0,0.0
horizon_stress,long_B,CostAwareBFD+CostAwareBestFit,30,0.0,1.0,30201133.00526814,5020036.165831306,916529.0158391837,1796396.8710448,68.38647784714355,1.5346212217039947,0.5491571514308975,30201064.61879029,5020036.441053054,1796396.9695316376,0.0007408331846818327,2.747897300609183e-05,0.13133684722706676,0.006839258391762801,0.0,0.0,30.2,1.7963696724226892,30.2,1.7963696724226892
horizon_stress,long_B,FFD+BestFit,30,0.0,1.0,33001653.862884495,9552180.318352925,1743981.5445729252,3418203.827362933,179.43222240689454,9.176779251809412,3.2838682809547786,33001474.43066209,9552178.24390335,3418203.0850306866,8.350835802654426e-05,5.5549030587476885e-06,0.011256906871373455,0.0019628051721729003,0.0,0.0,33.0,3.418151950779937,33.0,3.418151950779937
horizon_stress,long_B,FFD+NextFit,30,0.0,1.0,509.0228761011959,108.76322652722135,19.857357532001135,38.92042076272222,179.43222240689454,9.176779251809412,3.2838682809547786,329.59065369430135,106.60245752624479,38.147199506105615,8.527648945649465e-05,7.941471112786007e-06,0.0008719556188831727,0.00027315356380796895,0.0,0.0,0.0,0.0,0.0,0.0
horizon_stress,long_B,MILP(BFD-warm)+BestFit,30,0.0,1.0,34268301.824831106,3947402.165676485,720693.7365619185,1412559.7236613603,68.28688532395272,1.4907032999901273,0.5334413249819625,34268233.537945785,3947402.446400597,1412559.8241171937,0.010447851816813151,0.0016831381035768821,0.011838758341036737,0.0009219639066627993,0.0,0.0,34.266666666666666,1.4125427413599145,34.266666666666666,1.4125427413599145
horizon_stress,long_B,MILP(BFD-warm)+CostAwareBestFit,30,0.0,1.0,31967830.009450424,4937489.705524379,901458.1630550808,1766857.9995879584,68.28688532395272,1.4907032999901273,0.5334413249819625,31967761.7225651,4937489.729754676,1766858.0082586587,0.010406827926635743,0.0017164199688188772,0.13149395969230682,0.00489951688061715,0.0,0.0,31.966666666666665,1.7668346742928511,31.966666666666665,1.7668346742928511
horizon_stress,long_B,MILP+BalancedPrice,30,0.0,0.0,522.209996261441,17.25508366108831,3.1503328509389648,6.1746523878403705,68.28688532395272,1.4907032999901273,0.5334413249819625,453.9231109374883,17.150736971625435,6.137312404568766,0.007294917106628418,0.0017972683705343728,0.059060929048185544,0.0019449485346174987,0.0,0.0,84.0,3.601822782470264,84.0,3.601822782470264
horizon_stress,long_B,MILP+BestFit,30,0.0,1.0,34268301.824831106,3947402.165676485,720693.7365619185,1412559.7236613603,68.28688532395272,1.4907032999901273,0.5334413249819625,34268233.537945785,3947402.446400597,1412559.8241171937,0.007262420654296875,0.0017793633660391076,0.011799557025854786,0.0009844782347961925,0.0,0.0,34.266666666666666,1.4125427413599145,34.266666666666666,1.4125427413599145
horizon_stress,long_B,MILP+CostAwareBestFit,30,0.0,1.0,31967830.009450424,4937489.705524379,901458.1630550808,1766857.9995879584,68.28688532395272,1.4907032999901273,0.5334413249819625,31967761.7225651,4937489.729754676,1766858.0082586587,0.007213719685872396,0.0018061810940665215,0.1313978389215966,0.0050236204332587105,0.0,0.0,31.966666666666665,1.7668346742928511,31.966666666666665,1.7668346742928511
horizon_stress,long_B,MILP+NextFit,30,0.0,1.0,216.37976342085136,47.668824776345794,8.703096873255248,17.058069871580287,68.28688532395272,1.4907032999901273,0.5334413249819625,148.0928780968986,47.79992747083654,17.10498436828685,0.007722012201944987,0.002027722676597644,0.0006706847343593836,0.00016749463599773543,0.0,0.0,0.0,0.0,0.0,0.0
horizon_stress,short_A,BFD+BestFit,30,0.0,0.0,466.3143664982662,16.993657557019677,3.1026031928326034,6.081102257951903,179.62383673503834,8.856846990951137,3.169381991739585,286.69052976322786,12.39297005496559,4.434767379012585,0.0006161916069686412,2.3652165545251786e-05,0.0017886415123939514,5.113576424235496e-05,0.0,0.0,0.0,0.0,0.0,0.0
horizon_stress,short_A,BFD+NextFit,30,0.0,1.0,392.87221717969135,62.06777261518588,11.331973051812907,22.210667181553298,179.62383673503834,8.856846990951137,3.169381991739585,213.24838044465292,61.30722898659126,21.938510139339204,0.0006043778965249657,2.3836756262438483e-05,0.0008249139878898859,0.0001900304612194771,0.0,0.0,0.0,0.0,0.0,0.0
horizon_stress,short_A,CostAwareBFD+CostAwareBestFit,30,0.0,0.0,189.87473911005299,3.394866135841159,0.6198149207702001,1.214837244709592,70.06844354148811,1.9071515681526239,0.6824654238462482,119.80629556856492,2.6466729194132634,0.9470997407297886,0.0007151917632048329,6.668067026158537e-05,0.022765945837212104,0.0015548671112883875,0.0,0.0,0.0,0.0,0.0,0.0
horizon_stress,short_A,FFD+BestFit,30,0.0,0.0,467.93561433560586,14.965730202569796,2.732356007161279,5.355417774036106,180.3951547912989,8.324524122530644,2.9788926997052094,287.540459544307,12.294798554865961,4.399637158874909,0.00011698047164827585,5.128424730206099e-06,0.00179974310255299,0.0001123792173879311,0.0,0.0,0.0,0.0,0.0,0.0
horizon_stress,short_A,FFD+NextFit,30,0.0,1.0,476.93443405799815,74.77223952572128,13.651480754472308,26.756902278765722,180.3951547912989,8.324524122530644,2.9788926997052094,296.5392792666993,74.796797883122,26.765690374097176,0.00011376939558734496,6.443861790827745e-06,0.0009353221704562505,0.0002562119618224983,0.0,0.0,0.0,0.0,0.0,0.0
horizon_stress,short_A,MILP(BFD-warm)+BestFit,30,0.0,0.0,354.9048034762572,13.246027382975567,2.4183826649956135,4.740030023391403,69.22739594136785,1.6440645620088106,0.5883209477832899,285.67740753488937,13.355133533927376,4.779073158083463,0.015295640627543131,0.0015351969511546346,0.001800867977241675,2.0474889629094744e-05,0.0,0.0,0.0,0.0,0.0,0.0
horizon_stress,short_A,MILP(BFD-warm)+CostAwareBestFit,30,0.0,0.0,188.8756985095865,3.118818188221114,0.5694156914820323,1.1160547553047833,69.22739594136785,1.6440645620088106,0.5883209477832899,119.64830256821867,2.432827086744269,0.8705759922940169,0.015585954984029133,0.0014483413294435377,0.021657683281227948,0.0013664533159675738,0.0,0.0,0.0,0.0,0.0,0.0
horizon_stress,short_A,MILP+BalancedPrice,30,0.0,0.0,188.8756985095865,3.118818188221114,0.5694156914820323,1.1160547553047833,69.22739594136785,1.6440645620088106,0.5883209477832899,119.64830256821867,2.432827086744269,0.8705759922940169,0.01248323917388916,0.001843072320107652,0.012819172100474436,0.0002078627358187964,0.0,0.0,0.0,0.0,0.0,0.0
horizon_stress,short_A,MILP+BestFit,30,0.0,0.0,354.9048034762572,13.246027382975567,2.4183826649956135,4.740030023391403,69.22739594136785,1.6440645620088106,0.5883209477832899,285.67740753488937,13.355133533927376,4.779073158083463,0.012345695495605468,0.0016172834821707208,0.0018109542007247606,2.3959053506142786e-05,0.0,0.0,0.0,0.0,0.0,0.0
horizon_stress,short_A,MILP+CostAwareBestFit,30,0.0,0.0,188.8756985095865,3.118818188221114,0.5694156914820323,1.1160547553047833,69.22739594136785,1.6440645620088106,0.5883209477832899,119.64830256821867,2.432827086744269,0.8705759922940169,0.01244211196899414,0.0017945364110449875,0.02165132505663981,0.0013888984448838287,0.0,0.0,0.0,0.0,0.0,0.0
horizon_stress,short_A,MILP+NextFit,30,0.0,1.0,284.4282510111608,72.15203320932828,13.173098719536988,25.819273490292495,69.22739594136785,1.6440645620088106,0.5883209477832899,215.20085506979294,72.4932975815678,25.941393377528133,0.012830742200215657,0.001733582680724097,0.0008963568989808361,0.00025015288313259024,0.0,0.0,0.0,0.0,0.0,0.0
horizon_stress,short_B,BFD+BestFit,30,0.0,0.0,464.7765526282396,17.308928716223576,3.1601635680415296,6.193920593361398,179.69806291744428,9.963451492082541,3.5653753267771138,285.07848971079534,15.132517793850505,5.415101947059618,0.0006484291050583124,3.0404265403116875e-05,0.0018499541329219937,7.482557599061626e-05,0.0,0.0,0.0,0.0,0.0,0.0
horizon_stress,short_B,BFD+NextFit,30,0.0,1.0,338.42033994926084,56.83566819918404,10.376725847857374,20.338382661800452,179.69806291744428,9.963451492082541,3.5653753267771138,158.72227703181656,55.05761381222398,19.702114070943875,0.0006537569065888722,5.8546565690558895e-05,0.0006544110520432393,0.0001891271297148025,0.0,0.0,0.0,0.0,0.0,0.0
horizon_stress,short_B,CostAwareBFD+CostAwareBestFit,30,0.0,0.0,185.45427269166402,3.0072442111977407,0.5490451634666108,1.0761285203945572,68.38647784714355,1.5346212217039947,0.5491571514308975,117.06779484452046,2.173306040668485,0.7777075786530946,0.0007346000134324034,1.4945797497114008e-05,0.018970729100207487,0.0009998686965432438,0.0,0.0,0.0,0.0,0.0,0.0
horizon_stress,short_B,FFD+BestFit,30,0.0,0.0,461.59684023091467,16.044723466951638,2.929352323927302,5.741530554897512,179.43222240689454,9.176779251809412,3.2838682809547786,282.1646178240202,13.253902299449305,4.742848026060277,8.492928463965654e-05,2.0738808377224203e-05,0.0018416499951854348,9.063486555863915e-05,0.0,0.0,0.0,0.0,0.0,0.0
horizon_stress,short_B,FFD+NextFit,30,0.0,1.0,522.0673045460672,118.50784673612094,21.636473632912804,42.407488320509096,179.43222240689454,9.176779251809412,3.2838682809547786,342.63508213917265,115.5277807286449,41.34108539541176,8.068882549802462e-05,7.575603386694537e-06,0.0008715319447219372,0.0002674385165722208,0.0,0.0,0.0,0.0,0.0,0.0
horizon_stress,short_B,MILP(BFD-warm)+BestFit,30,0.0,0.0,355.9337443802071,13.901736788432057,2.5380982758412203,4.974672620648792,68.28688532395272,1.4907032999901273,0.5334413249819625,287.64685905625436,13.764205807070127,4.92545779102826,0.010204076766967773,0.0016760764760658108,0.0018513541513433059,7.267520223221274e-05,0.0,0.0,0.0,0.0,0.0,0.0
horizon_stress,short_B,MILP(BFD-warm)+CostAwareBestFit,30,0.0,0.0,185.3084586356122,2.918796897380915,0.5328969671572061,1.044478055628124,68.28688532395272,1.4907032999901273,0.5334413249819625,117.02157331165944,2.0694338944229917,0.7405374084909415,0.010575294494628906,0.002474707898859714,0.01889330140935878,0.0009900015829154903,0.0,0.0,0.0,0.0,0.0,0.0
horizon_stress,short_B,MILP+BalancedPrice,30,0.0,0.0,185.3084586356122,2.918796897380915,0.5328969671572061,1.044478055628124,68.28688532395272,1.4907032999901273,0.5334413249819625,117.02157331165944,2.0694338944229917,0.7405374084909415,0.007376615206400553,0.0018203495388215418,0.012984009638118247,0.00040754705305125476,0.0,0.0,0.0,0.0,0.0,0.0
horizon_stress,short_B,MILP+BestFit,30,0.0,0.0,355.9337443802071,13.901736788432057,2.5380982758412203,4.974672620648792,68.28688532395272,1.4907032999901273,0.5334413249819625,287.64685905625436,13.764205807070127,4.92545779102826,0.007200129826863607,0.0017665347336977813,0.001853234701169034,5.264306002878753e-05,0.0,0.0,0.0,0.0,0.0,0.0
horizon_stress,short_B,MILP+CostAwareBestFit,30,0.0,0.0,185.3084586356122,2.918796897380915,0.5328969671572061,1.044478055628124,68.28688532395272,1.4907032999901273,0.5334413249819625,117.02157331165944,2.0694338944229917,0.7405374084909415,0.007084711392720541,0.001749388589712872,0.01871781536222746,0.0009540631076872943,0.0,0.0,0.0,0.0,0.0,0.0
horizon_stress,short_B,MILP+NextFit,30,0.0,1.0,240.3025935907053,62.65282041686115,11.438787677878357,22.42002384864158,68.28688532395272,1.4907032999901273,0.5334413249819625,172.01570826675254,62.88442856006107,22.502903758269472,0.007350349426269531,0.0018259916568413768,0.0007170583742360274,0.0002118711121126661,0.0,0.0,0.0,0.0,0.0,0.0
